fips,units_all,units_hcv
01001,261,104.0
01003,864,374.0
01005,889,364.0
01007,119,
01009,458,96.0
01011,469,469.0
01013,507,181.0
01015,2164,743.0
01017,632,171.0
01019,270,60.0
01021,190,
01025,103,5.0
01027,396,12.0
01029,106,9.0
01031,812,318.0
01033,1297,414.0
01035,262,82.0
01037,49,9.0
01039,631,105.0
01041,375,133.0
01043,773,190.0
01045,1016,557.0
01047,2089,1162.0
01049,989,242.0
01051,253,110.0
01053,383,143.0
01055,2117,309.0
01057,363,53.0
01059,759,108.0
01061,345,64.0
01063,302,
01065,180,
01067,246,75.0
01069,2217,1571.0
01071,706,179.0
01073,19203,9478.0
01075,474,49.0
01077,1931,689.0
01079,247,7.0
01081,1999,1151.0
01083,968,374.0
01085,352,351.0
01087,777,281.0
01089,4442,2001.0
01091,399,19.0
01093,953,59.0
01095,2099,737.0
01097,12501,7633.0
01099,319,81.0
01101,5154,3023.0
01103,1936,746.0
01105,320,53.0
01107,389,76.0
01109,1040,600.0
01111,218,38.0
01113,1854,1023.0
01115,324,154.0
01117,575,287.0
01119,518,104.0
01121,1769,538.0
01123,1001,266.0
01125,4905,2364.0
01127,1539,752.0
01129,31,
01131,161,13.0
01133,463,46.0
02020,3874,2624.0
02050,138,
02063,122,77.0
02070,10,
02090,1162,562.0
02100,5,
02105,2,
02110,754,331.0
02122,626,549.0
02130,200,119.0
02150,147,107.0
02158,1,
02170,623,519.0
02180,33,
02188,4,
02195,86,38.0
02198,1,1.0
02220,92,44.0
02275,46,26.0
04001,78,15.0
04003,1203,760.0
04005,939,553.0
04007,123,62.0
04009,66,36.0
04013,24843,15338.0
04015,725,559.0
04017,267,120.0
04019,9048,5953.0
04021,1183,873.0
04023,466,202.0
04025,565,281.0
04027,2294,1858.0
05001,789,453.0
05003,438,224.0
05005,477,403.0
05007,982,546.0
05009,790,625.0
05011,285,70.0
05013,18,18.0
05015,315,137.0
05017,370,233.0
05019,531,222.0
05021,309,173.0
05023,243,139.0
05025,32,
05027,364,101.0
05029,385,179.0
05031,2205,1342.0
05033,828,432.0
05035,1380,584.0
05037,487,236.0
05039,144,26.0
05041,707,347.0
05043,453,267.0
05045,788,386.0
05047,149,109.0
05049,186,85.0
05051,1610,1116.0
05053,70,37.0
05055,862,716.0
05057,485,189.0
05059,322,52.0
05061,237,47.0
05063,540,277.0
05065,195,165.0
05067,767,328.0
05069,1773,1130.0
05071,405,194.0
05073,52,43.0
05075,554,379.0
05077,612,168.0
05079,134,58.0
05081,257,53.0
05083,313,175.0
05085,1222,845.0
05087,112,10.0
05089,155,44.0
05091,1157,834.0
05093,1703,655.0
05095,374,38.0
05097,39,25.0
05099,197,76.0
05101,36,34.0
05103,658,59.0
05105,43,41.0
05107,1061,407.0
05109,104,84.0
05111,1079,263.0
05113,319,129.0
05115,897,390.0
05117,86,30.0
05119,9497,6359.0
05121,377,122.0
05123,1211,592.0
05125,934,724.0
05127,201,110.0
05129,29,17.0
05131,2565,1827.0
05133,170,24.0
05135,225,178.0
05137,119,81.0
05139,841,430.0
05141,88,58.0
05143,1911,902.0
05145,1049,422.0
05147,587,293.0
05149,390,95.0
06001,35189,26337.0
06005,182,70.0
06007,3186,2169.0
06009,79,53.0
06011,180,79.0
06013,15477,10868.0
06015,695,656.0
06017,853,419.0
06019,17845,13331.0
06021,222,107.0
06023,2101,1398.0
06025,3334,2103.0
06027,16,15.0
06029,5907,4493.0
06031,1303,727.0
06033,486,248.0
06035,194,112.0
06037,152600,101956.0
06039,1135,769.0
06041,3792,2445.0
06043,80,79.0
06045,1769,1289.0
06047,3625,2876.0
06049,112,4.0
06051,4,4.0
06053,5849,4844.0
06055,1939,1467.0
06057,596,596.0
06059,28816,24294.0
06061,1931,1239.0
06063,270,127.0
06065,13827,10158.0
06067,20239,13726.0
06069,196,146.0
06071,16132,11922.0
06073,41811,32417.0
06075,25578,16083.0
06077,7921,5347.0
06079,3086,2756.0
06081,6971,5246.0
06083,5053,4300.0
06085,25169,19358.0
06087,6758,5498.0
06089,3060,2585.0
06091,9,9.0
06093,550,185.0
06095,7083,5700.0
06097,6824,5189.0
06099,6560,4681.0
06101,929,777.0
06103,698,385.0
06105,52,22.0
06107,4442,3126.0
06109,288,182.0
06111,9155,7376.0
06113,3084,1904.0
06115,997,557.0
08001,4238,2853.0
08003,275,76.0
08005,5173,3682.0
08007,112,13.0
08009,51,1.0
08011,147,128.0
08013,4133,3331.0
08014,271,137.0
08015,136,46.0
08017,26,1.0
08019,51,35.0
08021,111,12.0
08023,57,
08025,31,3.0
08027,8,8.0
08029,356,241.0
08031,19396,9906.0
08033,3,3.0
08035,317,264.0
08037,84,20.0
08039,9,9.0
08041,5089,3297.0
08043,322,176.0
08045,712,492.0
08047,24,24.0
08049,33,12.0
08051,104,16.0
08055,124,9.0
08057,1,1.0
08059,5617,4563.0
08061,11,1.0
08063,99,2.0
08065,29,5.0
08067,606,387.0
08069,3322,2671.0
08071,444,95.0
08073,58,8.0
08075,268,28.0
08077,2279,1273.0
08081,218,13.0
08083,393,226.0
08085,539,231.0
08087,302,38.0
08089,595,223.0
08091,9,9.0
08093,13,13.0
08095,64,
08097,8,8.0
08099,262,116.0
08101,3781,2074.0
08103,39,3.0
08105,141,22.0
08107,50,41.0
08109,77,29.0
08111,3,3.0
08113,24,24.0
08115,54,2.0
08117,12,12.0
08119,21,21.0
08121,27,6.0
08123,2711,1422.0
08125,123,12.0
09110,25375,14567.0
09120,9021,4597.0
09130,2574,1559.0
09140,11511,5908.0
09150,925,546.0
09160,1564,539.0
09170,17847,12048.0
09180,5481,1935.0
09190,9732,5011.0
10001,2520,1264.0
10003,9316,4527.0
10005,1322,238.0
11001,34533,16697.0
12001,4940,3072.0
12003,331,150.0
12005,2296,1174.0
12007,137,91.0
12009,5692,3153.0
12011,16922,12937.0
12013,101,15.0
12015,829,350.0
12017,367,317.0
12019,471,320.0
12021,930,479.0
12023,395,217.0
12027,131,
12029,26,
12031,17469,7995.0
12033,4906,2424.0
12035,402,268.0
12037,78,14.0
12039,731,315.0
12041,59,13.0
12043,1,1.0
12045,58,19.0
12047,108,20.0
12049,97,
12051,243,47.0
12053,463,434.0
12055,351,93.0
12057,16045,11888.0
12059,248,192.0
12061,574,409.0
12063,649,155.0
12065,246,171.0
12067,44,7.0
12069,983,535.0
12071,5055,3343.0
12073,4390,2919.0
12075,309,129.0
12077,20,12.0
12079,263,115.0
12081,2842,2023.0
12083,2530,1465.0
12085,283,90.0
12086,51123,32300.0
12087,1388,479.0
12089,169,67.0
12091,1749,1070.0
12093,19,19.0
12095,9299,5771.0
12097,496,310.0
12099,11922,9117.0
12101,2468,1809.0
12103,13112,9481.0
12105,4564,2471.0
12107,1087,407.0
12109,491,259.0
12111,1968,866.0
12113,436,347.0
12115,2470,1763.0
12117,1166,917.0
12119,14,14.0
12121,367,83.0
12123,192,78.0
12125,177,7.0
12127,5844,3852.0
12129,89,86.0
12131,550,403.0
12133,145,42.0
13001,187,3.0
13003,73,1.0
13005,265,3.0
13007,42,3.0
13009,581,48.0
13011,17,
13013,531,164.0
13015,615,107.0
13017,438,12.0
13019,171,12.0
13021,7161,3643.0
13023,133,18.0
13025,42,1.0
13027,226,28.0
13029,115,48.0
13031,526,91.0
13033,486,43.0
13035,132,10.0
13037,91,3.0
13039,491,137.0
13043,123,
13045,1104,753.0
13047,347,34.0
13049,50,
13051,6204,3431.0
13053,4,3.0
13055,396,13.0
13057,660,436.0
13059,2359,323.0
13061,60,
13063,3051,2082.0
13065,86,6.0
13067,3534,2809.0
13069,501,25.0
13071,790,59.0
13073,133,65.0
13075,75,10.0
13077,1386,546.0
13079,90,19.0
13081,538,67.0
13083,18,6.0
13085,6,6.0
13087,502,9.0
13089,10193,7346.0
13091,377,40.0
13093,244,6.0
13095,2836,1147.0
13097,1149,773.0
13099,245,37.0
13103,86,86.0
13105,411,21.0
13107,152,19.0
13109,142,1.0
13111,139,3.0
13113,209,126.0
13115,553,91.0
13117,140,89.0
13119,315,6.0
13121,33255,22820.0
13123,113,3.0
13125,14,
13127,1736,765.0
13129,414,21.0
13131,248,15.0
13133,174,4.0
13135,5068,4102.0
13137,288,21.0
13139,964,238.0
13141,52,28.0
13143,348,10.0
13145,61,7.0
13147,287,10.0
13149,79,4.0
13151,1818,1674.0
13153,1946,1321.0
13155,188,9.0
13157,238,19.0
13159,77,19.0
13161,143,15.0
13163,170,4.0
13165,98,12.0
13167,91,1.0
13169,95,39.0
13171,211,7.0
13173,36,16.0
13175,928,156.0
13177,109,27.0
13179,823,195.0
13181,64,4.0
13183,4,4.0
13185,1774,740.0
13187,40,10.0
13189,338,131.0
13191,9,9.0
13193,276,4.0
13195,80,18.0
13197,97,18.0
13199,185,43.0
13201,95,6.0
13205,654,37.0
13207,174,4.0
13209,39,4.0
13211,123,25.0
13213,71,3.0
13215,5369,4132.0
13217,1482,1090.0
13219,10,9.0
13221,11,10.0
13223,603,382.0
13225,524,116.0
13227,156,3.0
13229,126,7.0
13231,3,3.0
13233,303,21.0
13235,118,52.0
13237,171,7.0
13239,4,4.0
13241,98,
13243,231,21.0
13245,7565,4451.0
13247,884,537.0
13249,40,
13251,92,
13253,12,12.0
13255,1182,456.0
13257,452,3.0
13259,70,
13261,1436,719.0
13263,56,3.0
13265,14,1.0
13267,339,4.0
13269,161,27.0
13271,134,9.0
13273,188,52.0
13275,760,83.0
13277,692,68.0
13279,422,21.0
13281,4,4.0
13283,121,1.0
13285,1177,83.0
13287,200,21.0
13289,3,3.0
13291,145,7.0
13293,565,36.0
13295,446,55.0
13297,828,308.0
13299,670,107.0
13301,111,13.0
13303,326,10.0
13305,320,7.0
13307,1,1.0
13309,87,1.0
13311,73,4.0
13313,300,9.0
13315,29,1.0
13317,209,9.0
13319,93,9.0
13321,296,39.0
15001,3475,2257.0
15003,16065,9494.0
15007,1612,1174.0
15009,2411,1560.0
16001,3310,2210.0
16003,1,1.0
16005,1124,824.0
16007,55,2.0
16009,40,4.0
16011,207,119.0
16013,69,29.0
16015,21,7.0
16017,164,92.0
16019,1200,918.0
16021,27,8.0
16023,1,1.0
16025,1,1.0
16027,1307,956.0
16029,36,2.0
16031,152,96.0
16035,34,34.0
16037,2,2.0
16039,133,32.0
16041,29,3.0
16043,58,12.0
16045,55,25.0
16047,42,12.0
16049,74,42.0
16051,47,19.0
16053,153,53.0
16055,1702,1176.0
16057,246,196.0
16059,51,19.0
16061,89,36.0
16063,22,2.0
16065,181,81.0
16067,90,28.0
16069,761,359.0
16071,11,
16073,20,20.0
16075,107,27.0
16077,48,8.0
16079,181,17.0
16081,7,7.0
16083,976,547.0
16085,13,13.0
16087,74,3.0
17001,1146,349.0
17003,244,49.0
17005,231,40.0
17007,641,294.0
17009,128,
17011,379,86.0
17013,43,
17015,103,6.0
17017,102,4.0
17019,3004,2310.0
17021,681,239.0
17023,119,4.0
17025,211,
17027,232,75.0
17029,1050,302.0
17031,128862,76077.0
17033,45,37.0
17035,94,2.0
17037,1747,606.0
17039,257,
17041,54,46.0
17043,6712,3995.0
17045,299,79.0
17047,75,
17049,472,2.0
17051,42,14.0
17053,111,1.0
17055,793,78.0
17057,755,264.0
17059,123,2.0
17061,137,
17063,386,281.0
17065,78,
17067,90,
17069,147,
17071,29,1.0
17073,690,185.0
17075,41,
17077,1912,720.0
17079,66,30.0
17081,797,168.0
17083,418,197.0
17085,160,39.0
17087,139,
17089,4590,1909.0
17091,1623,859.0
17093,394,238.0
17095,1246,301.0
17097,8944,4896.0
17099,1585,375.0
17101,213,32.0
17103,420,42.0
17105,494,101.0
17107,403,62.0
17109,805,216.0
17111,1632,996.0
17113,2062,775.0
17115,2970,1249.0
17117,407,114.0
17119,3384,1223.0
17121,727,221.0
17123,66,18.0
17125,169,143.0
17127,338,9.0
17129,288,130.0
17131,100,39.0
17133,6,6.0
17135,322,93.0
17137,779,187.0
17139,52,31.0
17141,534,145.0
17143,5690,2142.0
17145,345,4.0
17147,68,
17149,260,
17151,122,
17153,161,5.0
17157,272,54.0
17159,227,86.0
17161,4484,1271.0
17163,5908,2696.0
17165,569,60.0
17167,4182,2424.0
17169,19,4.0
17171,117,12.0
17173,179,39.0
17175,28,4.0
17177,838,329.0
17179,1667,303.0
17181,358,6.0
17183,2443,963.0
17185,167,11.0
17187,373,85.0
17189,13,13.0
17191,285,73.0
17193,152,2.0
17195,802,299.0
17197,4367,2623.0
17199,1545,373.0
17201,6394,2983.0
17203,490,242.0
18001,365,180.0
18003,5664,3444.0
18005,1473,818.0
18007,20,20.0
18009,168,26.0
18011,332,136.0
18013,115,115.0
18015,52,42.0
18017,661,318.0
18019,2104,665.0
18021,408,120.0
18023,148,52.0
18025,105,20.0
18027,614,189.0
18029,372,167.0
18031,359,156.0
18033,115,43.0
18035,2171,1150.0
18037,383,75.0
18039,2553,993.0
18041,342,162.0
18043,1640,880.0
18045,55,35.0
18047,10,9.0
18049,76,76.0
18051,379,81.0
18053,1513,524.0
18055,483,270.0
18057,739,403.0
18059,245,141.0
18061,152,65.0
18063,481,317.0
18065,688,319.0
18067,1739,1139.0
18069,225,98.0
18071,459,183.0
18073,81,27.0
18075,89,53.0
18077,497,132.0
18079,89,67.0
18081,827,430.0
18083,1256,546.0
18085,490,323.0
18087,56,8.0
18089,10242,5127.0
18091,1327,409.0
18093,556,227.0
18095,2354,1729.0
18097,16716,9063.0
18099,358,86.0
18101,40,40.0
18103,413,222.0
18105,2264,1792.0
18107,727,487.0
18109,532,118.0
18111,10,4.0
18113,427,35.0
18115,24,24.0
18117,250,79.0
18119,94,26.0
18121,193,133.0
18123,445,153.0
18125,97,31.0
18127,725,482.0
18129,407,207.0
18131,2,2.0
18133,320,212.0
18135,233,206.0
18137,82,26.0
18139,105,26.0
18141,5978,3088.0
18143,334,192.0
18145,357,212.0
18147,187,24.0
18149,25,1.0
18151,322,24.0
18153,294,44.0
18155,12,12.0
18157,2831,1409.0
18159,7,7.0
18161,60,9.0
18163,4020,2931.0
18165,187,42.0
18167,2252,1007.0
18169,240,24.0
18171,25,25.0
18173,234,113.0
18175,155,106.0
18177,1371,333.0
18179,183,40.0
18181,115,51.0
18183,114,42.0
19001,62,26.0
19003,66,4.0
19005,74,56.0
19007,259,103.0
19009,20,20.0
19011,78,5.0
19013,2540,1686.0
19015,162,80.0
19017,207,106.0
19019,74,74.0
19021,220,98.0
19023,41,41.0
19025,103,103.0
19027,339,281.0
19029,186,157.0
19031,51,36.0
19033,988,644.0
19035,116,54.0
19037,44,44.0
19039,132,51.0
19041,375,233.0
19043,101,91.0
19045,797,534.0
19047,221,112.0
19049,493,453.0
19051,26,5.0
19053,128,35.0
19055,119,58.0
19057,1071,421.0
19059,180,180.0
19061,1734,1268.0
19063,67,67.0
19065,243,202.0
19067,390,222.0
19069,73,38.0
19071,93,33.0
19073,98,50.0
19075,21,21.0
19077,84,84.0
19079,95,90.0
19081,69,63.0
19083,53,53.0
19085,315,159.0
19087,190,118.0
19089,58,55.0
19091,60,60.0
19093,43,43.0
19095,7,2.0
19097,294,124.0
19099,348,125.0
19101,334,210.0
19103,2096,1405.0
19105,139,93.0
19107,64,34.0
19109,153,66.0
19111,644,268.0
19113,2466,1306.0
19115,59,59.0
19117,163,12.0
19119,79,9.0
19121,81,35.0
19123,351,247.0
19125,385,273.0
19127,549,388.0
19129,251,187.0
19131,48,38.0
19133,163,77.0
19135,187,99.0
19137,265,103.0
19139,828,383.0
19141,137,88.0
19143,53,37.0
19145,339,92.0
19147,132,102.0
19149,251,90.0
19151,28,28.0
19153,6065,3698.0
19155,1861,958.0
19157,261,170.0
19159,99,47.0
19161,90,74.0
19163,2412,1346.0
19165,200,136.0
19167,258,107.0
19169,661,331.0
19171,19,19.0
19173,88,52.0
19175,256,120.0
19177,15,8.0
19179,730,273.0
19181,397,175.0
19183,142,92.0
19185,33,22.0
19187,1084,699.0
19189,111,46.0
19191,146,101.0
19193,2287,1298.0
19195,43,21.0
19197,92,92.0
20001,230,33.0
20003,76,5.0
20005,370,46.0
20007,73,8.0
20009,342,217.0
20011,308,52.0
20013,186,54.0
20015,455,39.0
20017,22,2.0
20019,22,6.0
20021,138,62.0
20023,45,5.0
20025,21,1.0
20027,102,102.0
20029,58,6.0
20031,67,44.0
20033,20,
20035,555,181.0
20037,940,572.0
20039,47,
20041,232,9.0
20043,31,14.0
20045,1462,826.0
20047,30,
20049,50,2.0
20051,409,121.0
20053,41,5.0
20055,447,174.0
20057,543,141.0
20059,373,138.0
20061,418,140.0
20063,9,9.0
20065,34,9.0
20067,51,11.0
20073,49,9.0
20075,7,7.0
20077,78,2.0
20079,673,78.0
20081,4,4.0
20083,21,1.0
20085,122,42.0
20087,68,41.0
20089,48,
20091,3362,1965.0
20093,21,4.0
20095,16,15.0
20097,31,7.0
20099,335,48.0
20103,965,512.0
20105,63,11.0
20107,45,5.0
20109,50,8.0
20111,426,162.0
20113,359,129.0
20115,105,5.0
20117,95,21.0
20121,424,140.0
20123,56,8.0
20125,597,145.0
20127,34,
20129,3,3.0
20131,95,4.0
20133,238,41.0
20135,30,
20137,66,28.0
20139,99,17.0
20141,79,9.0
20143,77,2.0
20145,51,11.0
20147,83,16.0
20149,61,29.0
20151,104,44.0
20153,24,
20155,910,332.0
20157,50,2.0
20159,157,7.0
20161,850,489.0
20163,47,17.0
20165,15,15.0
20167,126,36.0
20169,862,579.0
20171,18,18.0
20173,5436,3408.0
20175,214,59.0
20177,3306,1459.0
20179,33,3.0
20181,89,5.0
20183,88,8.0
20185,33,3.0
20187,15,3.0
20189,4,4.0
20191,302,26.0
20193,121,9.0
20195,33,3.0
20197,6,2.0
20199,13,
20201,121,
20205,58,3.0
20207,2,2.0
20209,5114,1789.0
21001,206,67.0
21003,250,17.0
21005,100,99.0
21007,48,
21009,859,355.0
21011,174,7.0
21013,1500,405.0
21015,1422,1048.0
21017,724,468.0
21019,1791,644.0
21021,755,307.0
21023,92,4.0
21025,102,69.0
21027,154,22.0
21029,634,490.0
21031,270,26.0
21033,155,10.0
21035,317,65.0
21037,1916,1324.0
21039,40,1.0
21041,263,3.0
21043,511,330.0
21045,173,50.0
21047,1610,1276.0
21049,1269,544.0
21051,214,24.0
21053,167,40.0
21055,33,1.0
21057,157,3.0
21059,2094,1190.0
21061,86,30.0
21063,136,72.0
21065,236,70.0
21067,6537,3452.0
21069,115,16.0
21071,1195,480.0
21073,1119,567.0
21075,379,19.0
21077,9,9.0
21079,196,29.0
21081,259,73.0
21083,821,308.0
21085,221,56.0
21087,270,121.0
21089,581,453.0
21091,92,16.0
21093,1143,626.0
21095,887,370.0
21097,494,202.0
21099,226,14.0
21101,1546,805.0
21103,237,24.0
21105,47,3.0
21107,834,262.0
21109,214,4.0
21111,21531,12194.0
21113,795,672.0
21115,471,94.0
21117,1517,160.0
21119,165,71.0
21121,1198,662.0
21123,220,14.0
21125,607,338.0
21127,249,139.0
21129,180,22.0
21131,24,4.0
21133,249,45.0
21135,161,69.0
21137,193,30.0
21139,12,
21141,364,39.0
21143,140,3.0
21145,2305,704.0
21147,207,68.0
21149,138,3.0
21151,1522,840.0
21153,98,39.0
21155,400,88.0
21157,400,9.0
21159,232,1.0
21161,447,125.0
21163,88,32.0
21165,35,3.0
21167,274,52.0
21169,97,7.0
21171,152,9.0
21173,398,121.0
21175,68,20.0
21177,315,23.0
21179,624,173.0
21181,81,14.0
21183,156,14.0
21185,173,113.0
21187,48,4.0
21189,125,34.0
21191,167,87.0
21193,427,55.0
21195,1559,988.0
21197,126,27.0
21199,1079,546.0
21203,191,7.0
21205,411,70.0
21207,233,82.0
21209,882,435.0
21211,474,164.0
21213,165,52.0
21215,123,50.0
21217,809,321.0
21219,174,26.0
21221,159,45.0
21223,41,1.0
21225,191,14.0
21227,2160,1016.0
21229,164,69.0
21231,323,121.0
21233,112,4.0
21235,1061,556.0
21237,108,20.0
21239,403,234.0
22001,1618,584.0
22003,511,294.0
22005,536,211.0
22007,113,112.0
22009,661,143.0
22011,284,43.0
22013,251,81.0
22015,1667,822.0
22017,7024,4399.0
22019,4426,3125.0
22021,292,152.0
22023,2,2.0
22025,207,34.0
22027,305,85.0
22029,317,99.0
22031,511,216.0
22033,7559,4755.0
22035,382,147.0
22039,1024,298.0
22041,277,43.0
22043,233,111.0
22045,1350,584.0
22047,223,89.0
22049,276,22.0
22051,8437,6382.0
22053,512,131.0
22055,3914,2070.0
22057,1178,596.0
22059,97,2.0
22061,1094,587.0
22063,293,221.0
22065,294,130.0
22067,399,188.0
22069,1534,789.0
22071,23603,19105.0
22073,5224,2550.0
22075,169,169.0
22077,128,53.0
22079,3010,2330.0
22081,148,48.0
22083,290,50.0
22085,496,112.0
22087,746,582.0
22089,500,371.0
22091,32,32.0
22093,327,12.0
22095,537,422.0
22097,2183,723.0
22099,768,397.0
22101,803,143.0
22103,1469,832.0
22105,1288,965.0
22107,148,148.0
22109,734,645.0
22111,304,155.0
22113,673,117.0
22115,485,324.0
22117,526,485.0
22119,894,316.0
22121,220,220.0
22123,126,73.0
22125,40,
22127,269,213.0
23001,4121,2244.0
23003,1709,839.0
23005,8134,5458.0
23007,306,142.0
23009,878,485.0
23011,2277,1299.0
23013,520,235.0
23015,253,122.0
23017,944,563.0
23019,3042,1250.0
23021,146,38.0
23023,770,498.0
23025,614,411.0
23027,272,175.0
23029,270,35.0
23031,3089,1767.0
24001,1583,533.0
24003,6228,4066.0
24005,12859,9436.0
24009,560,480.0
24011,297,68.0
24013,1482,1095.0
24015,1158,889.0
24017,1600,933.0
24019,938,377.0
24021,2665,1582.0
24023,239,170.0
24025,3291,1541.0
24027,3242,2109.0
24029,184,34.0
24031,12732,8535.0
24033,9442,5928.0
24035,240,177.0
24037,1948,1587.0
24039,595,141.0
24041,342,301.0
24043,3395,1673.0
24045,1747,832.0
24047,379,159.0
24510,34737,16573.0
25001,3579,2377.0
25003,3715,1943.0
25005,14618,6664.0
25007,143,18.0
25009,20447,11365.0
25011,1609,1007.0
25013,20205,10526.0
25015,2240,1444.0
25017,33914,19709.0
25019,8,
25021,14794,11212.0
25023,9400,5147.0
25025,53594,20888.0
25027,16886,7811.0
26001,38,14.0
26003,121,32.0
26005,697,398.0
26007,514,102.0
26009,52,32.0
26011,69,13.0
26013,121,37.0
26015,184,59.0
26017,1854,447.0
26019,75,37.0
26021,3055,877.0
26023,293,62.0
26025,2130,1271.0
26027,429,69.0
26029,268,89.0
26031,257,155.0
26033,615,154.0
26035,306,85.0
26037,386,198.0
26039,138,38.0
26041,737,167.0
26043,332,120.0
26045,1027,462.0
26047,232,79.0
26049,6328,2338.0
26051,286,47.0
26053,356,57.0
26055,742,564.0
26057,655,268.0
26059,478,59.0
26061,701,169.0
26063,271,46.0
26065,6253,3397.0
26067,772,161.0
26069,253,120.0
26071,387,280.0
26073,673,284.0
26075,2578,966.0
26077,4184,1269.0
26079,99,21.0
26081,11547,7547.0
26083,2,2.0
26085,251,142.0
26087,828,541.0
26089,28,7.0
26091,571,194.0
26093,418,360.0
26095,152,112.0
26097,69,21.0
26099,9446,3590.0
26101,266,52.0
26103,1243,319.0
26105,327,82.0
26107,596,196.0
26109,513,144.0
26111,906,375.0
26113,34,34.0
26115,1706,640.0
26117,667,342.0
26119,57,21.0
26121,2580,1190.0
26123,223,107.0
26125,11942,5032.0
26127,142,63.0
26129,113,61.0
26131,103,7.0
26133,298,88.0
26135,75,15.0
26137,262,166.0
26139,1131,538.0
26141,200,5.0
26143,158,125.0
26145,4100,2040.0
26147,2388,1102.0
26149,575,34.0
26151,249,74.0
26153,223,99.0
26155,433,105.0
26157,193,92.0
26159,503,118.0
26161,6377,3859.0
26163,44813,21863.0
26165,571,156.0
27001,234,17.0
27003,2878,1699.0
27005,548,248.0
27007,692,279.0
27009,550,130.0
27011,106,37.0
27013,1339,693.0
27015,476,203.0
27017,452,157.0
27019,657,342.0
27021,274,49.0
27023,269,91.0
27025,267,55.0
27027,1444,918.0
27029,117,22.0
27031,49,26.0
27033,243,23.0
27035,892,322.0
27037,4326,2860.0
27039,196,59.0
27041,615,244.0
27043,277,91.0
27045,187,38.0
27047,628,156.0
27049,820,275.0
27051,134,54.0
27053,26908,11850.0
27055,208,59.0
27057,348,93.0
27059,256,64.0
27061,769,317.0
27063,157,35.0
27065,171,25.0
27067,772,423.0
27069,101,4.0
27071,383,128.0
27073,134,38.0
27075,143,4.0
27077,56,4.0
27079,451,231.0
27081,83,22.0
27083,552,115.0
27085,483,125.0
27087,44,12.0
27089,134,39.0
27091,335,139.0
27093,237,105.0
27095,327,18.0
27097,641,217.0
27099,797,238.0
27101,92,20.0
27103,643,436.0
27105,356,63.0
27107,106,46.0
27109,2032,696.0
27111,923,376.0
27113,302,158.0
27115,226,19.0
27117,175,16.0
27119,1105,838.0
27121,144,30.0
27123,15914,6679.0
27125,84,21.0
27127,170,30.0
27129,231,89.0
27131,980,406.0
27133,149,1.0
27135,230,83.0
27137,6125,2403.0
27139,885,459.0
27141,714,412.0
27143,142,20.0
27145,1768,671.0
27147,455,156.0
27149,219,160.0
27151,257,86.0
27153,450,201.0
27155,73,49.0
27157,236,49.0
27159,356,138.0
27161,307,94.0
27163,1466,293.0
27165,135,18.0
27167,169,22.0
27169,800,227.0
27171,507,98.0
27173,158,73.0
28001,1118,235.0
28003,911,183.0
28005,82,25.0
28007,323,101.0
28009,1,
28011,1058,354.0
28013,79,3.0
28015,118,26.0
28017,357,79.0
28019,67,35.0
28021,38,38.0
28023,222,151.0
28025,689,314.0
28027,1466,280.0
28029,294,90.0
28031,99,75.0
28033,777,299.0
28035,2115,1061.0
28037,45,8.0
28039,133,131.0
28041,88,33.0
28043,560,268.0
28045,672,612.0
28047,5927,4739.0
28049,7923,4841.0
28051,409,74.0
28053,262,134.0
28055,24,4.0
28057,137,21.0
28059,2786,2431.0
28061,85,31.0
28063,227,45.0
28065,94,52.0
28067,1273,356.0
28069,155,23.0
28071,290,55.0
28073,572,530.0
28075,3104,1364.0
28077,95,80.0
28079,278,54.0
28081,2265,1055.0
28083,1395,265.0
28085,647,249.0
28087,2135,1162.0
28089,1087,480.0
28091,232,120.0
28093,255,8.0
28095,670,124.0
28097,217,64.0
28099,394,140.0
28101,317,75.0
28103,227,133.0
28105,1108,527.0
28107,336,114.0
28109,499,180.0
28111,66,66.0
28113,1316,759.0
28115,233,74.0
28117,395,61.0
28119,147,88.0
28121,592,346.0
28123,276,58.0
28125,68,42.0
28127,111,11.0
28129,80,25.0
28131,71,70.0
28133,727,349.0
28135,162,38.0
28137,146,2.0
28139,222,26.0
28141,257,16.0
28143,333,236.0
28145,286,162.0
28147,105,105.0
28149,1108,585.0
28151,1454,823.0
28153,183,32.0
28155,114,84.0
28157,112,43.0
28159,378,175.0
28161,255,
28163,877,469.0
29001,474,238.0
29003,126,54.0
29005,89,55.0
29007,502,174.0
29009,21,20.0
29011,87,16.0
29013,109,75.0
29015,74,52.0
29017,34,17.0
29019,2236,1896.0
29021,2010,1032.0
29023,1006,374.0
29025,47,47.0
29027,475,114.0
29029,74,73.0
29031,1287,1108.0
29033,167,86.0
29035,21,20.0
29037,1306,1079.0
29039,132,52.0
29041,51,10.0
29043,186,185.0
29045,177,177.0
29047,2828,1321.0
29049,152,106.0
29051,1305,544.0
29053,223,103.0
29055,322,308.0
29057,4,4.0
29059,31,31.0
29061,52,52.0
29063,189,32.0
29065,282,132.0
29067,78,28.0
29069,1022,211.0
29071,396,384.0
29073,32,32.0
29075,19,11.0
29077,2791,1471.0
29079,201,110.0
29081,172,37.0
29083,387,119.0
29085,29,6.0
29087,50,6.0
29089,104,22.0
29091,856,477.0
29093,23,23.0
29095,19934,10501.0
29097,2047,1051.0
29099,1429,819.0
29101,295,188.0
29103,35,35.0
29105,446,144.0
29107,486,195.0
29109,214,28.0
29111,17,17.0
29113,1001,1001.0
29115,252,13.0
29117,226,91.0
29119,260,11.0
29121,148,43.0
29123,80,48.0
29125,44,44.0
29127,676,207.0
29129,64,2.0
29131,110,46.0
29133,519,15.0
29135,40,22.0
29137,20,20.0
29139,133,101.0
29141,40,39.0
29143,605,83.0
29145,347,202.0
29147,403,225.0
29149,223,139.0
29151,26,25.0
29153,116,56.0
29155,1114,208.0
29157,67,35.0
29159,711,290.0
29161,603,258.0
29163,378,237.0
29165,540,195.0
29167,59,58.0
29169,240,146.0
29171,53,13.0
29173,43,43.0
29175,471,131.0
29177,326,139.0
29179,3,3.0
29181,94,35.0
29183,1964,1107.0
29185,115,19.0
29186,88,8.0
29187,877,744.0
29189,14572,9351.0
29195,482,108.0
29197,59,29.0
29199,98,54.0
29201,1020,321.0
29203,33,21.0
29205,42,12.0
29207,426,25.0
29209,59,30.0
29211,9,9.0
29213,267,115.0
29215,416,197.0
29217,441,117.0
29219,662,642.0
29221,299,183.0
29223,40,40.0
29225,122,50.0
29227,11,11.0
29229,464,164.0
29510,13560,5198.0
30001,117,29.0
30003,28,28.0
30005,34,9.0
30007,12,12.0
30009,62,43.0
30013,2434,1124.0
30015,43,9.0
30017,125,60.0
30021,72,52.0
30023,273,41.0
30025,15,
30027,148,81.0
30029,731,339.0
30031,711,420.0
30035,64,28.0
30039,9,9.0
30041,298,146.0
30043,48,13.0
30045,20,
30047,163,101.0
30049,1388,689.0
30051,10,
30053,134,53.0
30055,5,5.0
30057,16,16.0
30059,5,5.0
30061,21,21.0
30063,2124,1530.0
30065,62,12.0
30067,176,82.0
30071,43,11.0
30073,23,15.0
30075,1,1.0
30077,38,21.0
30079,3,3.0
30081,198,126.0
30083,229,110.0
30085,12,12.0
30087,9,9.0
30089,55,32.0
30091,16,8.0
30093,1108,814.0
30095,13,13.0
30097,1,1.0
30099,47,17.0
30101,55,7.0
30105,177,17.0
30107,15,15.0
30109,1,1.0
30111,2692,1438.0
31001,868,481.0
31003,90,10.0
31011,63,8.0
31013,293,195.0
31015,18,
31017,35,5.0
31019,726,151.0
31021,105,15.0
31023,67,
31025,105,4.0
31027,57,10.0
31029,30,
31031,38,15.0
31033,137,75.0
31035,65,
31037,91,10.0
31039,115,73.0
31041,182,1.0
31043,190,3.0
31045,43,25.0
31047,496,198.0
31049,30,
31051,50,12.0
31053,556,164.0
31055,10524,6773.0
31057,40,
31059,39,
31061,24,
31063,25,2.0
31065,112,
31067,409,215.0
31069,18,
31071,64,
31077,17,3.0
31079,1309,513.0
31081,38,
31083,34,
31087,14,2.0
31089,65,29.0
31093,54,6.0
31095,96,
31097,36,
31099,48,3.0
31101,62,32.0
31105,22,2.0
31107,124,7.0
31109,4671,3388.0
31111,808,207.0
31119,717,266.0
31121,88,40.0
31123,48,11.0
31125,40,20.0
31127,93,
31129,39,
31131,177,40.0
31133,53,
31135,22,1.0
31137,90,30.0
31139,28,28.0
31141,325,107.0
31143,51,
31145,225,77.0
31147,143,
31149,20,
31151,126,28.0
31153,1123,486.0
31155,100,6.0
31157,663,382.0
31159,85,3.0
31161,43,1.0
31163,54,10.0
31167,34,5.0
31169,43,13.0
31173,40,10.0
31175,152,4.0
31177,130,10.0
31179,62,27.0
31181,87,
31185,266,102.0
32001,89,49.0
32003,17127,12678.0
32005,258,206.0
32007,94,54.0
32009,1,1.0
32013,51,51.0
32015,34,6.0
32017,55,25.0
32019,194,164.0
32021,7,7.0
32023,396,396.0
32027,3,3.0
32029,4,4.0
32031,5240,3251.0
32033,4,4.0
32510,948,725.0
33001,830,507.0
33003,225,
33005,1378,813.0
33007,985,378.0
33009,817,165.0
33011,11225,7601.0
33013,1759,313.0
33015,2078,680.0
33017,2350,1325.0
33019,897,243.0
34001,7594,2965.0
34003,11782,8559.0
34005,1907,1099.0
34007,11075,4609.0
34009,1130,370.0
34011,4359,2124.0
34013,34869,15745.0
34015,4123,2799.0
34017,25777,11958.0
34019,816,693.0
34021,7404,2112.0
34023,10729,7633.0
34025,10307,5551.0
34027,3895,2443.0
34029,5574,4423.0
34031,11864,7880.0
34033,1286,567.0
34035,2307,1444.0
34037,894,454.0
34039,9069,4720.0
34041,1838,1060.0
35001,10356,6813.0
35003,4,4.0
35005,1304,1001.0
35006,306,107.0
35007,250,
35009,1089,643.0
35011,52,5.0
35013,2479,1652.0
35015,730,198.0
35017,711,501.0
35019,142,13.0
35021,2,2.0
35023,134,9.0
35025,752,235.0
35027,113,80.0
35028,96,88.0
35029,545,390.0
35031,507,25.0
35033,34,15.0
35035,514,271.0
35037,235,73.0
35039,273,60.0
35041,120,120.0
35043,558,454.0
35045,865,387.0
35047,554,178.0
35049,2256,1139.0
35051,410,182.0
35053,277,151.0
35055,645,456.0
35057,52,51.0
35059,57,7.0
35061,536,434.0
36001,8984,5544.0
36003,149,147.0
36005,123252,68892.0
36007,2839,1522.0
36009,962,479.0
36011,1373,870.0
36013,2414,1024.0
36015,2107,1057.0
36017,600,337.0
36019,1681,744.0
36021,937,542.0
36023,739,317.0
36025,880,686.0
36027,4843,3441.0
36029,24118,11760.0
36031,485,304.0
36033,1190,616.0
36035,1013,627.0
36037,965,527.0
36039,586,252.0
36041,17,9.0
36043,1236,821.0
36045,2641,1026.0
36047,121205,55663.0
36049,326,237.0
36051,553,363.0
36053,840,641.0
36055,17621,10828.0
36057,1338,873.0
36059,11593,5504.0
36061,95945,28552.0
36063,4846,2317.0
36065,6031,3240.0
36067,11236,5972.0
36069,1784,1118.0
36071,5929,4942.0
36073,378,241.0
36075,1782,1446.0
36077,414,220.0
36079,739,600.0
36081,38196,15573.0
36083,3596,2528.0
36085,11708,4665.0
36087,6870,4595.0
36089,1819,624.0
36091,2773,2060.0
36093,3753,2203.0
36095,284,284.0
36097,162,82.0
36099,460,375.0
36101,1627,930.0
36103,13896,10125.0
36105,2044,1206.0
36107,351,276.0
36109,2597,2210.0
36111,3357,2639.0
36113,1207,859.0
36115,570,490.0
36117,1311,821.0
36119,24052,16118.0
36121,226,172.0
36123,180,112.0
37001,2460,1102.0
37003,101,86.0
37005,224,189.0
37007,382,135.0
37009,418,333.0
37011,186,180.0
37013,990,386.0
37015,290,203.0
37017,541,230.0
37019,524,485.0
37021,4402,3409.0
37023,876,331.0
37025,1256,631.0
37027,1019,509.0
37029,34,28.0
37031,942,454.0
37033,372,258.0
37035,1781,1011.0
37037,525,508.0
37039,343,189.0
37041,468,240.0
37043,119,88.0
37045,1623,824.0
37047,781,524.0
37049,1981,953.0
37051,4221,2104.0
37053,174,169.0
37055,42,26.0
37057,1561,900.0
37059,272,190.0
37061,405,133.0
37063,5704,3418.0
37065,1502,494.0
37067,7841,4782.0
37069,470,283.0
37071,2674,1749.0
37073,9,9.0
37075,126,106.0
37077,532,137.0
37079,303,285.0
37081,10190,7072.0
37083,1639,887.0
37085,848,351.0
37087,1031,752.0
37089,937,489.0
37091,594,334.0
37093,231,134.0
37095,42,20.0
37097,1733,861.0
37099,376,318.0
37101,1756,631.0
37103,83,49.0
37105,886,603.0
37107,2001,857.0
37109,579,288.0
37111,306,199.0
37113,263,226.0
37115,348,193.0
37117,601,161.0
37119,10953,8698.0
37121,339,222.0
37123,317,83.0
37125,742,313.0
37127,1298,426.0
37129,3799,2076.0
37131,389,113.0
37133,1224,712.0
37135,1072,510.0
37137,45,36.0
37139,1427,776.0
37141,298,217.0
37143,249,115.0
37145,571,158.0
37147,3204,1413.0
37149,165,96.0
37151,1502,848.0
37153,1149,308.0
37155,2667,651.0
37157,867,227.0
37159,1969,869.0
37161,679,312.0
37163,615,208.0
37165,1656,1452.0
37167,666,339.0
37169,298,216.0
37171,809,313.0
37173,90,90.0
37175,375,173.0
37177,50,9.0
37179,806,555.0
37181,781,302.0
37183,7521,4851.0
37185,171,70.0
37187,525,236.0
37189,252,214.0
37191,2385,295.0
37193,1114,787.0
37195,1789,784.0
37197,304,133.0
37199,309,267.0
38001,16,16.0
38003,284,221.0
38005,49,19.0
38009,73,42.0
38011,39,39.0
38013,5,5.0
38015,1684,1153.0
38017,3302,2411.0
38019,24,24.0
38021,112,97.0
38025,5,5.0
38027,39,39.0
38029,48,7.0
38031,46,46.0
38033,35,4.0
38035,2298,1500.0
38037,17,7.0
38039,33,33.0
38043,9,1.0
38045,48,34.0
38049,36,28.0
38051,72,44.0
38053,40,20.0
38055,25,25.0
38057,72,32.0
38059,643,643.0
38061,47,8.0
38063,60,35.0
38065,5,5.0
38067,181,181.0
38069,45,45.0
38071,459,230.0
38073,106,95.0
38075,2,2.0
38077,270,134.0
38079,191,67.0
38081,53,41.0
38083,1,1.0
38089,643,428.0
38091,2,2.0
38093,846,759.0
38095,49,23.0
38097,119,67.0
38099,154,107.0
38101,1567,1071.0
38103,74,74.0
38105,352,135.0
39001,662,295.0
39003,2251,1005.0
39005,508,315.0
39007,1850,631.0
39009,1400,827.0
39011,196,27.0
39013,1597,279.0
39015,452,47.0
39017,4390,3044.0
39019,167,24.0
39021,336,88.0
39023,3218,1308.0
39025,2544,987.0
39027,795,296.0
39029,1476,609.0
39031,723,256.0
39033,886,406.0
39035,38904,16813.0
39037,556,316.0
39039,306,91.0
39041,844,401.0
39043,1717,1185.0
39045,1681,1091.0
39047,779,472.0
39049,24890,15396.0
39051,119,104.0
39053,366,185.0
39055,428,185.0
39057,2675,1466.0
39059,1151,692.0
39061,25740,11976.0
39063,1080,690.0
39065,291,73.0
39067,356,250.0
39069,84,27.0
39071,419,145.0
39073,554,314.0
39075,75,43.0
39077,749,591.0
39079,655,336.0
39081,1982,820.0
39083,776,544.0
39085,2287,1556.0
39087,748,236.0
39089,2239,1232.0
39091,726,230.0
39093,6408,3151.0
39095,12193,4629.0
39097,272,8.0
39099,5169,2280.0
39101,1189,612.0
39103,1386,698.0
39105,218,134.0
39107,116,16.0
39109,1740,995.0
39111,177,177.0
39113,12003,4869.0
39115,277,157.0
39117,267,136.0
39119,2135,946.0
39121,118,90.0
39123,372,146.0
39125,17,17.0
39127,507,219.0
39129,913,652.0
39131,805,550.0
39133,3001,1949.0
39135,267,56.0
39137,86,44.0
39139,2459,1860.0
39141,1191,566.0
39143,732,241.0
39145,2005,482.0
39147,564,204.0
39149,442,210.0
39151,6591,1849.0
39153,14245,5420.0
39155,3894,1255.0
39157,1066,615.0
39159,392,94.0
39161,80,19.0
39163,251,195.0
39165,1861,800.0
39167,1186,621.0
39169,1399,827.0
39171,127,87.0
39173,1175,302.0
39175,146,106.0
40001,132,33.0
40003,1,1.0
40005,138,5.0
40009,379,5.0
40011,113,1.0
40013,176,52.0
40015,273,6.0
40017,682,545.0
40019,434,71.0
40021,297,55.0
40023,536,183.0
40027,2559,1907.0
40029,99,
40031,1439,542.0
40033,63,1.0
40035,151,6.0
40037,759,265.0
40039,111,33.0
40041,39,17.0
40043,14,
40045,1,1.0
40047,481,110.0
40049,248,21.0
40051,269,35.0
40053,1,1.0
40055,116,
40057,25,1.0
40061,113,6.0
40063,132,3.0
40065,190,26.0
40067,202,
40069,108,8.0
40071,570,150.0
40073,30,
40075,315,1.0
40077,156,1.0
40079,271,40.0
40081,121,16.0
40083,451,92.0
40085,60,10.0
40087,79,79.0
40089,811,366.0
40091,24,23.0
40093,76,
40095,99,7.0
40097,237,20.0
40099,6,6.0
40101,1967,1053.0
40103,2,2.0
40105,105,2.0
40107,102,6.0
40109,16653,11422.0
40111,616,163.0
40113,994,576.0
40115,604,418.0
40117,62,6.0
40119,1111,722.0
40121,778,93.0
40123,548,124.0
40125,1177,578.0
40127,212,2.0
40129,22,
40131,421,158.0
40133,640,356.0
40135,260,57.0
40137,287,59.0
40139,1,1.0
40141,64,2.0
40143,12690,8343.0
40145,352,189.0
40147,607,32.0
40149,1,1.0
40151,80,1.0
40153,69,18.0
41001,253,233.0
41003,1269,1018.0
41005,3489,2573.0
41007,499,372.0
41009,724,692.0
41011,1150,741.0
41013,125,91.0
41015,189,147.0
41017,1440,1226.0
41019,1388,822.0
41021,1,1.0
41023,111,64.0
41025,114,44.0
41027,221,134.0
41029,3127,2477.0
41031,105,62.0
41033,1092,912.0
41035,1097,952.0
41037,41,41.0
41039,5288,3442.0
41041,832,567.0
41043,1887,1701.0
41045,524,347.0
41047,5509,4526.0
41049,23,23.0
41051,17192,12457.0
41053,1235,762.0
41055,12,12.0
41057,165,165.0
41059,802,324.0
41061,756,571.0
41063,79,45.0
41065,629,537.0
41067,4282,3342.0
41071,1697,1611.0
42001,855,642.0
42003,34931,14699.0
42005,1067,291.0
42007,4032,816.0
42009,464,311.0
42011,4431,1356.0
42013,3174,1448.0
42015,894,265.0
42017,5820,3698.0
42019,2675,2041.0
42021,3143,957.0
42023,86,11.0
42025,945,447.0
42027,1139,703.0
42029,4063,2454.0
42031,730,492.0
42033,996,325.0
42035,696,6.0
42037,712,473.0
42039,1248,310.0
42041,2213,1190.0
42043,6395,2726.0
42045,7371,4637.0
42047,576,220.0
42049,6199,2398.0
42051,3396,1172.0
42053,28,28.0
42055,1163,393.0
42057,148,131.0
42059,647,33.0
42061,596,198.0
42063,996,587.0
42065,818,318.0
42067,53,3.0
42069,6507,2091.0
42071,4106,2028.0
42073,1972,433.0
42075,1995,777.0
42077,6210,3481.0
42079,9119,2634.0
42081,1646,685.0
42083,1132,554.0
42085,2452,394.0
42087,640,221.0
42089,1021,521.0
42091,6024,3171.0
42093,332,156.0
42095,5163,2057.0
42097,2610,1159.0
42099,227,177.0
42101,48089,24342.0
42103,476,461.0
42105,386,295.0
42107,2644,1048.0
42109,459,303.0
42111,807,97.0
42113,115,38.0
42115,547,255.0
42117,721,214.0
42119,779,549.0
42121,1502,712.0
42123,424,73.0
42125,3205,1005.0
42127,385,254.0
42129,5760,1870.0
42131,483,394.0
42133,3617,1675.0
44001,1070,617.0
44003,4531,1185.0
44005,2773,1199.0
44007,27488,7664.0
44009,2590,892.0
45001,514,70.0
45003,2113,1169.0
45005,230,32.0
45007,2605,1041.0
45009,247,32.0
45011,386,34.0
45013,1322,638.0
45015,1205,819.0
45017,119,3.0
45019,7242,4089.0
45021,739,161.0
45023,552,293.0
45025,601,180.0
45027,397,122.0
45029,405,126.0
45031,997,313.0
45033,301,116.0
45035,1685,1021.0
45037,369,172.0
45039,240,112.0
45041,2505,1051.0
45043,628,167.0
45045,6278,3549.0
45047,1667,975.0
45049,236,16.0
45051,2191,1434.0
45053,113,18.0
45055,455,207.0
45057,675,253.0
45059,793,208.0
45061,225,81.0
45063,1759,995.0
45065,115,27.0
45067,864,218.0
45069,551,214.0
45071,830,273.0
45073,692,77.0
45075,1250,99.0
45077,873,326.0
45079,8676,4729.0
45081,190,110.0
45083,4901,2768.0
45085,1762,917.0
45087,711,274.0
45089,346,76.0
45091,2099,833.0
46003,3,2.0
46005,455,262.0
46007,36,1.0
46009,36,3.0
46011,609,392.0
46013,934,558.0
46015,68,
46019,227,106.0
46021,9,9.0
46023,36,
46025,14,14.0
46027,402,299.0
46029,602,301.0
46031,4,4.0
46033,22,
46035,519,143.0
46037,57,13.0
46039,47,47.0
46041,1,
46043,20,
46045,17,11.0
46047,253,19.0
46049,25,13.0
46051,200,91.0
46053,94,
46055,25,
46057,29,11.0
46059,69,7.0
46065,380,229.0
46067,40,
46069,11,
46071,30,
46073,20,
46075,32,
46077,46,11.0
46079,252,145.0
46081,459,341.0
46083,288,223.0
46085,18,2.0
46087,8,8.0
46089,3,3.0
46091,9,9.0
46093,274,138.0
46095,8,
46097,28,8.0
46099,3134,1936.0
46101,24,8.0
46102,1,
46103,2896,1438.0
46105,73,2.0
46107,2,2.0
46109,94,5.0
46111,2,2.0
46115,125,70.0
46117,21,11.0
46119,1,
46123,82,34.0
46125,36,2.0
46127,81,
46129,229,119.0
46135,502,128.0
47001,1709,797.0
47003,640,65.0
47005,105,7.0
47007,161,34.0
47009,484,121.0
47011,1220,229.0
47013,929,134.0
47015,119,1.0
47017,343,13.0
47019,1173,365.0
47021,46,46.0
47023,218,24.0
47025,268,26.0
47027,37,2.0
47029,590,46.0
47031,877,149.0
47033,57,11.0
47035,739,348.0
47037,18374,7504.0
47039,118,1.0
47041,290,5.0
47043,1486,1244.0
47045,831,58.0
47047,344,68.0
47049,159,33.0
47051,394,5.0
47053,847,54.0
47055,436,56.0
47057,134,19.0
47059,763,137.0
47061,142,7.0
47063,1130,280.0
47065,7957,3919.0
47067,84,33.0
47069,208,40.0
47071,173,6.0
47073,731,252.0
47075,454,267.0
47077,242,13.0
47079,477,21.0
47081,98,8.0
47083,61,2.0
47085,137,5.0
47087,72,4.0
47089,347,64.0
47091,187,66.0
47093,11107,4575.0
47095,290,12.0
47097,524,65.0
47099,392,23.0
47101,172,1.0
47103,392,63.0
47105,569,68.0
47107,1088,173.0
47109,139,15.0
47111,174,10.0
47113,3207,2088.0
47115,340,78.0
47117,509,89.0
47119,1017,449.0
47121,135,57.0
47123,313,47.0
47125,2117,1277.0
47127,2,1.0
47129,93,13.0
47131,674,25.0
47133,166,10.0
47135,24,
47137,25,2.0
47139,45,
47141,917,219.0
47143,613,309.0
47145,915,98.0
47147,767,238.0
47149,2155,1039.0
47151,400,43.0
47153,186,136.0
47155,597,98.0
47157,17701,9287.0
47159,178,5.0
47161,18,1.0
47163,2935,1578.0
47165,2172,1124.0
47167,847,325.0
47169,57,23.0
47171,178,38.0
47173,206,154.0
47175,46,
47177,708,19.0
47179,2297,656.0
47181,34,1.0
47183,372,7.0
47185,250,5.0
47187,562,412.0
47189,1203,675.0
48001,563,399.0
48003,18,18.0
48005,1858,1241.0
48007,113,63.0
48009,57,
48013,356,142.0
48015,185,19.0
48017,16,
48019,3,3.0
48021,403,148.0
48023,176,
48025,548,304.0
48027,4722,3441.0
48029,27895,16698.0
48031,55,6.0
48035,132,
48037,2528,2161.0
48039,1085,616.0
48041,2599,1846.0
48043,171,121.0
48045,7,7.0
48047,331,133.0
48049,831,487.0
48051,112,72.0
48053,441,276.0
48055,350,22.0
48057,156,106.0
48059,173,93.0
48061,7517,5352.0
48063,156,66.0
48065,29,29.0
48067,389,65.0
48069,23,23.0
48071,11,11.0
48073,661,375.0
48075,144,21.0
48077,42,
48079,1,1.0
48081,73,1.0
48083,253,4.0
48085,5349,4556.0
48087,36,3.0
48089,92,4.0
48091,712,307.0
48093,199,24.0
48095,34,
48097,680,384.0
48099,508,213.0
48101,60,
48105,3,3.0
48107,83,1.0
48109,35,
48111,11,11.0
48113,29403,21596.0
48115,163,113.0
48117,231,99.0
48119,92,8.0
48121,4369,4202.0
48123,393,106.0
48125,26,
48127,339,163.0
48129,75,4.0
48131,243,103.0
48133,374,52.0
48135,1904,1229.0
48139,900,530.0
48141,14343,6969.0
48143,333,51.0
48145,263,9.0
48147,549,511.0
48149,227,91.0
48151,104,
48153,97,19.0
48155,30,
48157,1783,1513.0
48159,101,44.0
48161,145,1.0
48163,346,158.0
48165,63,
48167,3812,2900.0
48169,94,4.0
48171,36,13.0
48175,61,14.0
48177,388,33.0
48179,217,109.0
48181,1798,994.0
48183,2090,1356.0
48185,166,8.0
48187,885,405.0
48189,501,266.0
48191,82,3.0
48193,88,
48195,10,
48197,117,30.0
48199,288,286.0
48201,38253,24638.0
48203,990,689.0
48207,51,1.0
48209,716,280.0
48211,1,1.0
48213,513,207.0
48215,9901,6843.0
48217,195,131.0
48219,235,177.0
48221,111,11.0
48223,263,204.0
48225,472,64.0
48227,597,286.0
48231,796,566.0
48233,264,66.0
48235,1,1.0
48237,14,
48239,191,138.0
48241,481,231.0
48245,8963,5209.0
48247,106,78.0
48249,773,227.0
48251,705,517.0
48253,188,12.0
48255,224,47.0
48257,2990,2818.0
48259,128,128.0
48265,159,62.0
48267,40,
48271,48,
48273,876,626.0
48275,101,
48277,968,480.0
48279,102,35.0
48281,98,28.0
48283,110,50.0
48285,141,2.0
48287,12,12.0
48289,76,4.0
48291,555,269.0
48293,234,96.0
48297,69,32.0
48299,123,73.0
48303,2922,1752.0
48305,72,2.0
48307,185,5.0
48309,4265,2769.0
48313,68,13.0
48315,99,25.0
48317,117,
48319,50,
48321,678,329.0
48323,1047,495.0
48325,175,65.0
48329,872,527.0
48331,380,156.0
48333,36,
48335,139,6.0
48337,101,11.0
48339,2145,604.0
48341,27,27.0
48343,263,72.0
48347,1544,1118.0
48349,681,66.0
48351,80,17.0
48353,351,35.0
48355,6180,3823.0
48357,11,11.0
48361,1300,846.0
48363,353,236.0
48365,69,37.0
48367,605,524.0
48369,13,13.0
48371,165,165.0
48373,391,76.0
48375,3046,2683.0
48377,65,65.0
48379,31,3.0
48381,1080,789.0
48387,239,44.0
48389,152,
48391,70,23.0
48395,417,73.0
48397,659,548.0
48399,134,
48401,262,101.0
48403,85,5.0
48405,134,12.0
48407,57,9.0
48409,1195,528.0
48411,49,
48413,40,
48415,145,115.0
48417,3,2.0
48419,337,57.0
48421,3,3.0
48423,1735,1102.0
48425,8,8.0
48427,460,326.0
48429,200,46.0
48433,47,47.0
48435,1,1.0
48437,167,69.0
48439,19483,15272.0
48441,2115,1726.0
48445,148,101.0
48447,32,
48449,309,247.0
48451,1667,1085.0
48453,11409,7164.0
48455,29,11.0
48457,99,13.0
48459,265,43.0
48461,10,
48463,395,265.0
48465,1200,839.0
48467,389,129.0
48469,1068,402.0
48471,486,255.0
48473,238,193.0
48475,108,16.0
48477,524,329.0
48479,2829,1678.0
48481,391,10.0
48483,9,9.0
48485,2403,1012.0
48487,299,83.0
48489,332,61.0
48491,1773,1184.0
48493,213,108.0
48495,26,2.0
48497,92,51.0
48499,133,15.0
48501,3,1.0
48503,306,27.0
48505,70,46.0
48507,524,213.0
49001,58,32.0
49003,341,213.0
49005,508,398.0
49007,535,306.0
49011,1988,1124.0
49013,107,88.0
49015,57,57.0
49019,111,76.0
49021,277,277.0
49033,1,1.0
49035,9912,7278.0
49037,5,5.0
49039,24,
49041,60,
49043,2,2.0
49045,311,238.0
49047,131,44.0
49049,2466,2064.0
49053,486,318.0
49057,2937,1597.0
50001,366,249.0
50003,888,749.0
50005,406,210.0
50007,4901,3827.0
50009,76,21.0
50011,1027,787.0
50013,112,59.0
50015,269,132.0
50017,310,134.0
50019,178,91.0
50021,1300,826.0
50023,1364,627.0
50025,1223,998.0
50027,1109,700.0
51001,402,402.0
51003,879,790.0
51005,393,26.0
51007,2,2.0
51009,88,88.0
51011,113,88.0
51013,2933,1820.0
51015,275,186.0
51017,1,1.0
51019,325,53.0
51023,8,7.0
51025,85,
51027,103,103.0
51029,95,95.0
51031,183,183.0
51033,46,12.0
51035,237,132.0
51037,1,1.0
51041,1425,1115.0
51043,21,21.0
51045,11,11.0
51047,319,164.0
51049,14,14.0
51051,341,251.0
51053,83,82.0
51057,45,45.0
51059,8260,5169.0
51061,218,144.0
51063,18,18.0
51065,44,43.0
51067,256,61.0
51069,142,84.0
51071,100,69.0
51073,210,134.0
51075,19,19.0
51077,124,76.0
51079,130,130.0
51081,44,38.0
51083,183,26.0
51085,441,273.0
51087,4024,1771.0
51089,204,204.0
51093,324,128.0
51095,248,181.0
51097,9,7.0
51099,23,18.0
51101,40,15.0
51103,147,60.0
51105,625,537.0
51107,1005,815.0
51109,132,42.0
51111,1,1.0
51113,25,25.0
51115,4,4.0
51117,99,7.0
51119,39,2.0
51121,821,324.0
51125,46,46.0
51127,4,4.0
51131,318,146.0
51133,38,30.0
51135,29,5.0
51137,103,89.0
51139,31,31.0
51141,36,36.0
51143,243,195.0
51145,4,4.0
51147,181,39.0
51149,146,146.0
51153,2551,2139.0
51155,449,147.0
51157,4,4.0
51159,9,9.0
51161,893,323.0
51163,129,59.0
51165,12,
51167,198,79.0
51169,318,207.0
51171,278,126.0
51173,616,250.0
51175,45,41.0
51177,1036,987.0
51179,705,534.0
51181,9,9.0
51183,176,125.0
51185,475,269.0
51187,230,130.0
51191,380,289.0
51193,188,25.0
51195,1245,934.0
51197,534,160.0
51199,306,306.0
51510,4232,2297.0
51520,1071,346.0
51530,103,37.0
51540,1267,679.0
51550,2996,2014.0
51570,245,235.0
51580,32,32.0
51590,2609,1205.0
51595,190,35.0
51600,95,81.0
51610,83,83.0
51620,574,289.0
51630,843,306.0
51640,260,121.0
51650,4421,3217.0
51660,1402,979.0
51670,1020,613.0
51678,130,13.0
51680,2501,1107.0
51683,230,230.0
51685,201,109.0
51690,538,269.0
51700,6629,3126.0
51710,9113,5344.0
51720,319,101.0
51730,1551,943.0
51735,9,9.0
51740,3850,2727.0
51750,330,130.0
51760,10335,3777.0
51770,4324,2006.0
51775,217,217.0
51790,622,158.0
51800,1792,1143.0
51810,3537,2184.0
51820,715,392.0
51830,174,70.0
51840,267,187.0
53001,109,
53003,392,224.0
53005,2321,1312.0
53007,807,523.0
53009,822,738.0
53011,5045,3643.0
53013,28,28.0
53015,1726,1451.0
53017,198,180.0
53019,47,30.0
53021,607,206.0
53025,765,237.0
53027,891,669.0
53029,510,322.0
53031,255,162.0
53033,36923,24489.0
53035,3410,2463.0
53037,484,250.0
53039,301,229.0
53041,579,247.0
53043,50,15.0
53045,234,114.0
53047,493,408.0
53049,184,157.0
53051,104,82.0
53053,10591,8503.0
53055,12,12.0
53057,1088,718.0
53059,165,129.0
53061,9095,7917.0
53063,8070,5396.0
53065,275,192.0
53067,2849,2317.0
53069,41,41.0
53071,1270,1065.0
53073,2783,1960.0
53075,395,248.0
53077,2039,1062.0
54001,248,121.0
54003,1009,263.0
54005,359,250.0
54007,125,77.0
54009,510,186.0
54011,3222,1396.0
54013,77,15.0
54015,13,13.0
54017,13,10.0
54019,684,311.0
54021,79,79.0
54023,128,64.0
54025,539,224.0
54027,166,66.0
54029,600,354.0
54031,28,28.0
54033,1406,634.0
54035,972,673.0
54037,268,68.0
54039,5763,2733.0
54041,287,47.0
54043,349,250.0
54045,569,354.0
54047,264,149.0
54049,1024,377.0
54051,580,106.0
54053,509,129.0
54055,958,414.0
54057,508,132.0
54059,777,295.0
54061,1077,675.0
54063,67,42.0
54065,28,16.0
54067,297,155.0
54069,1880,570.0
54071,2,2.0
54073,44,12.0
54075,5,5.0
54077,260,131.0
54079,489,448.0
54081,2246,1237.0
54083,673,405.0
54085,53,13.0
54087,259,150.0
54089,249,139.0
54091,308,40.0
54093,87,25.0
54095,43,19.0
54097,473,128.0
54099,996,680.0
54101,252,118.0
54103,288,83.0
54105,59,27.0
54107,2213,1244.0
54109,246,102.0
55001,44,37.0
55003,482,138.0
55005,766,233.0
55007,137,76.0
55009,4674,3669.0
55011,53,5.0
55013,136,9.0
55015,253,92.0
55017,870,454.0
55019,269,4.0
55021,449,86.0
55023,200,23.0
55025,6752,3556.0
55027,768,162.0
55029,364,260.0
55031,1359,183.0
55033,429,110.0
55035,1507,693.0
55037,76,8.0
55039,1333,445.0
55041,57,3.0
55043,493,144.0
55045,231,29.0
55047,206,15.0
55049,201,96.0
55051,126,8.0
55053,140,21.0
55055,851,48.0
55057,265,121.0
55059,2736,1483.0
55061,102,31.0
55063,1460,229.0
55065,141,51.0
55067,310,170.0
55069,411,51.0
55071,867,163.0
55073,1233,692.0
55075,676,246.0
55077,38,6.0
55078,13,
55079,22586,10290.0
55081,503,226.0
55083,241,132.0
55085,482,173.0
55087,1498,746.0
55089,381,126.0
55091,16,
55093,293,91.0
55095,371,52.0
55097,704,311.0
55099,152,12.0
55101,3120,1786.0
55103,379,207.0
55105,2739,1480.0
55107,216,13.0
55109,723,285.0
55111,774,386.0
55113,307,202.0
55115,428,56.0
55117,1092,368.0
55119,159,18.0
55121,335,229.0
55123,298,10.0
55125,75,15.0
55127,1152,535.0
55129,186,23.0
55131,814,429.0
55133,2987,1389.0
55135,450,111.0
55137,95,10.0
55139,2026,586.0
55141,1242,422.0
56001,382,192.0
56005,386,254.0
56007,170,15.0
56009,259,
56013,169,77.0
56015,98,
56017,59,
56019,50,20.0
56021,1649,1096.0
56023,18,
56025,1219,642.0
56027,46,
56029,130,71.0
56031,45,
56033,466,225.0
56037,347,71.0
56041,225,89.0
56043,50,
56045,24,
66010,3382,2629.0
69100,21,5.0
69110,444,362.0
69120,25,5.0
72001,409,113.0
72003,486,184.0
72005,2766,417.0
72007,547,256.0
72009,442,62.0
72011,336,127.0
72013,2772,975.0
72015,549,99.0
72017,570,349.0
72019,500,208.0
72021,7231,3704.0
72023,411,231.0
72025,4916,2150.0
72027,367,203.0
72029,297,171.0
72031,5296,2015.0
72033,2093,87.0
72035,1233,336.0
72037,307,72.0
72039,401,85.0
72041,630,384.0
72043,670,164.0
72045,263,173.0
72047,394,279.0
72049,41,
72051,428,350.0
72053,908,151.0
72054,406,201.0
72055,337,67.0
72057,1228,271.0
72059,329,159.0
72061,1935,529.0
72063,295,195.0
72065,300,168.0
72067,340,167.0
72069,1809,709.0
72071,555,146.0
72073,379,18.0
72075,652,288.0
72077,808,238.0
72079,253,78.0
72081,288,186.0
72083,161,80.0
72085,711,450.0
72087,498,169.0
72089,473,109.0
72091,1462,387.0
72093,88,34.0
72095,201,84.0
72097,5272,1243.0
72099,444,220.0
72101,355,280.0
72103,652,220.0
72105,270,190.0
72107,228,64.0
72109,430,190.0
72111,396,237.0
72113,8407,1878.0
72115,477,156.0
72117,196,46.0
72119,769,256.0
72121,437,167.0
72123,299,108.0
72125,973,165.0
72127,29236,6133.0
72129,344,194.0
72131,704,224.0
72133,567,197.0
72135,626,475.0
72137,933,610.0
72139,1812,757.0
72141,696,304.0
72143,589,253.0
72145,736,488.0
72147,251,118.0
72149,460,121.0
72151,468,208.0
72153,549,120.0
78010,3788,1042.0
78020,29,29.0
78030,2281,1075.0
